Date,Narration,Mode,Debit,Credit,Balance
2026-07-09,UPI-METRO FARE,UPI,50,,34148.00
2026-07-09,UPI-Blinkit,UPI,160,,33988.00
2026-07-09,UPI-PLAYO BADMINTON COURT,UPI,260,,33728.00
2026-07-10,ACH-SIP-NIFTY 50 INDEX FUND,Auto-debit,3000,,30728.00
2026-07-10,UPI-METRO FARE,UPI,60,,30668.00
2026-07-10,UPI-Juice Junction,UPI,40,,30628.00
2026-07-13,UPI-METRO FARE,UPI,90,,30538.00
2026-07-13,UPI-Green Trends Salon,UPI,830,,29708.00
2026-07-14,UPI-METRO FARE,UPI,80,,29628.00
2026-07-15,ACH-SIP-FLEXI CAP FUND,Auto-debit,2000,,27628.00
2026-07-15,UPI-JIO RECHARGE,UPI,299,,27329.00
2026-07-15,UPI-METRO FARE,UPI,50,,27279.00
2026-07-15,UPI-Third Wave Coffee,UPI,80,,27199.00
2026-07-16,UPI-METRO FARE,UPI,80,,27119.00
2026-07-16,UPI-PLAYO BADMINTON COURT,UPI,220,,26899.00
2026-07-17,UPI-Practo Consultation,UPI,510,,26389.00
2026-07-18,UPI-Chai Point,UPI,160,,26229.00
2026-07-20,ACH-NETFLIX.COM,Auto-debit,199,,26030.00
2026-07-20,UPI-METRO FARE,UPI,90,,25940.00
2026-07-21,UPI-METRO FARE,UPI,70,,25870.00
2026-07-21,UPI-PLAYO BADMINTON COURT,UPI,210,,25660.00
2026-07-23,UPI-METRO FARE,UPI,50,,25610.00
2026-07-23,UPI-PLAYO BADMINTON COURT,UPI,220,,25390.00
2026-07-25,UPI-Smaaash Gaming Arcade,UPI,610,,24780.00
2026-07-28,UPI-METRO FARE,UPI,50,,24730.00
2026-07-29,UPI-METRO FARE,UPI,80,,24650.00
2026-07-30,UPI-PLAYO BADMINTON COURT,UPI,250,,24400.00
2026-07-31,UPI-METRO FARE,UPI,50,,24350.00
2026-08-01,NEFT-SALARY-ACME TECH PVT LTD,NEFT,,50000,74350.00
2026-08-01,UPI-Chai Point,UPI,100,,74250.00
2026-08-02,UPI-Local Bakery,UPI,50,,74200.00
2026-08-03,ACH-SPOTIFY INDIA,Auto-debit,119,,74081.00
2026-08-03,UPI-METRO FARE,UPI,55,,74026.00
2026-08-03,UPI-Third Wave Coffee,UPI,100,,73926.00
2026-08-04,UPI-METRO FARE,UPI,75,,73851.00
2026-08-04,UPI-PLAYO BADMINTON COURT,UPI,190,,73661.00
2026-08-05,UPI-METRO FARE,UPI,55,,73606.00
2026-08-05,UPI-Zepto,UPI,170,,73436.00
2026-08-06,UPI-Local Bakery,UPI,60,,73376.00
2026-08-06,UPI-PLAYO BADMINTON COURT,UPI,260,,73116.00
2026-08-08,UPI-Timezone Arcade,UPI,680,,72436.00
2026-08-09,UPI-OLA,UPI,460,,71976.00
2026-08-10,ACH-SIP-NIFTY 50 INDEX FUND,Auto-debit,3000,,68976.00
2026-08-11,UPI-METRO FARE,UPI,55,,68921.00
2026-08-11,UPI-PLAYO BADMINTON COURT,UPI,140,,68781.00
2026-08-12,UPI-METRO FARE,UPI,60,,68721.00
2026-08-13,UPI-METRO FARE,UPI,90,,68631.00
2026-08-13,UPI-Zepto,UPI,130,,68501.00
2026-08-13,UPI-PLAYO BADMINTON COURT,UPI,190,,68311.00
2026-08-13,UPI-Decathlon (shuttlecocks),UPI,540,,67771.00
2026-08-14,UPI-METRO FARE,UPI,85,,67686.00
2026-08-14,UPI-Juice Junction,UPI,70,,67616.00
2026-08-15,ACH-SIP-FLEXI CAP FUND,Auto-debit,2000,,65616.00
2026-08-15,UPI-JIO RECHARGE,UPI,299,,65317.00
2026-08-16,UPI-Myntra,UPI,1899,,63418.00
2026-08-17,UPI-METRO FARE,UPI,55,,63363.00
2026-08-18,UPI-METRO FARE,UPI,50,,63313.00
2026-08-19,UPI-METRO FARE,UPI,55,,63258.00
2026-08-19,UPI-Third Wave Coffee,UPI,80,,63178.00
2026-08-20,ACH-NETFLIX.COM,Auto-debit,199,,62979.00
2026-08-20,UPI-Zomato,UPI,360,,62619.00
2026-08-20,UPI-PLAYO BADMINTON COURT,UPI,220,,62399.00
2026-08-21,UPI-Juice Junction,UPI,40,,62359.00
2026-08-23,UPI-UBER INDIA (late night),UPI,310,,62049.00
2026-08-24,UPI-Zepto,UPI,40,,62009.00
2026-08-24,UPI-Green Trends Salon,UPI,750,,61259.00
2026-08-25,UPI-Local Bakery,UPI,50,,61209.00
2026-08-27,UPI-METRO FARE,UPI,50,,61159.00
2026-08-27,UPI-PLAYO BADMINTON COURT,UPI,260,,60899.00
2026-08-28,UPI-Third Wave Coffee,UPI,140,,60759.00
2026-08-28,CARD-THE BIG PITCHER,Card,1610,,59149.00
2026-08-30,UPI-Juice Junction,UPI,50,,59099.00
2026-08-30,CARD-PULSE CLUB,Card,1610,,57489.00
2026-09-01,NEFT-SALARY-ACME TECH PVT LTD,NEFT,,50000,107489.00
2026-09-01,UPI-METRO FARE,UPI,60,,107429.00
2026-09-01,UPI-Zepto,UPI,70,,107359.00
2026-09-01,UPI-Zomato,UPI,280,,107079.00
2026-09-01,UPI-PLAYO BADMINTON COURT,UPI,200,,106879.00
2026-09-02,UPI-METRO FARE,UPI,90,,106789.00
2026-09-02,UPI-Chai Point,UPI,160,,106629.00
2026-09-02,UPI-Swiggy,UPI,210,,106419.00
2026-09-03,ACH-SPOTIFY INDIA,Auto-debit,119,,106300.00
2026-09-03,UPI-METRO FARE,UPI,65,,106235.00
2026-09-03,UPI-Blinkit,UPI,100,,106135.00
2026-09-03,UPI-PLAYO BADMINTON COURT,UPI,230,,105905.00
2026-09-04,UPI-Local Bakery,UPI,160,,105745.00
2026-09-04,UPI-Practo Consultation,UPI,500,,105245.00
2026-09-06,UPI-Zepto,UPI,170,,105075.00
2026-09-07,UPI-METRO FARE,UPI,85,,104990.00
2026-09-08,UPI-METRO FARE,UPI,55,,104935.00
2026-09-08,UPI-Zepto,UPI,80,,104855.00
2026-09-09,UPI-METRO FARE,UPI,80,,104775.00
2026-09-10,ACH-SIP-NIFTY 50 INDEX FUND,Auto-debit,3000,,101775.00
2026-09-10,UPI-METRO FARE,UPI,50,,101725.00
2026-09-10,UPI-Zepto,UPI,160,,101565.00
2026-09-10,UPI-PLAYO BADMINTON COURT,UPI,130,,101435.00
2026-09-14,UPI-METRO FARE,UPI,90,,101345.00
2026-09-14,UPI-Amazon Pay,UPI,1499,,99846.00
2026-09-15,ACH-SIP-FLEXI CAP FUND,Auto-debit,2000,,97846.00
2026-09-15,UPI-JIO RECHARGE,UPI,299,,97547.00
2026-09-15,UPI-PLAYO BADMINTON COURT,UPI,240,,97307.00
2026-09-16,UPI-METRO FARE,UPI,55,,97252.00
2026-09-16,UPI-Zepto,UPI,40,,97212.00
2026-09-16,UPI-Swiggy,UPI,360,,96852.00
2026-09-17,UPI-METRO FARE,UPI,80,,96772.00
2026-09-17,UPI-PLAYO BADMINTON COURT,UPI,200,,96572.00
2026-09-18,UPI-METRO FARE,UPI,55,,96517.00
2026-09-20,ACH-NETFLIX.COM,Auto-debit,199,,96318.00
2026-09-20,UPI-Third Wave Coffee,UPI,180,,96138.00
2026-09-20,CARD-NOIR LOUNGE,Card,2300,,93838.00
2026-09-20,UPI-Karthik M,UPI,,600,94438.00
2026-09-21,UPI-METRO FARE,UPI,50,,94388.00
2026-09-21,UPI-Zepto,UPI,70,,94318.00
2026-09-22,UPI-METRO FARE,UPI,75,,94243.00
2026-09-22,UPI-PLAYO BADMINTON COURT,UPI,220,,94023.00
2026-09-22,UPI-Green Trends Salon,UPI,900,,93123.00
2026-09-23,UPI-METRO FARE,UPI,55,,93068.00
2026-09-23,UPI-Decathlon (badminton racket grip),UPI,420,,92648.00
2026-09-28,UPI-METRO FARE,UPI,85,,92563.00
2026-09-28,UPI-Zepto,UPI,120,,92443.00
2026-09-29,UPI-METRO FARE,UPI,75,,92368.00
2026-09-29,UPI-Zepto,UPI,50,,92318.00
2026-09-30,UPI-METRO FARE,UPI,65,,92253.00
2026-09-30,CREDIT INTEREST-SAVINGS A/C,Interest,,41,92294.00
2026-10-01,NEFT-SALARY-ACME TECH PVT LTD,NEFT,,50000,142294.00
2026-10-01,UPI-METRO FARE,UPI,90,,142204.00
2026-10-01,UPI-PLAYO BADMINTON COURT,UPI,230,,141974.00
2026-10-03,ACH-SPOTIFY INDIA,Auto-debit,119,,141855.00
2026-10-03,UPI-Chai Point,UPI,70,,141785.00
2026-10-03,UPI-Board Game Cafe,UPI,590,,141195.00
2026-10-04,UPI-Local Bakery,UPI,50,,141145.00
2026-10-05,UPI-METRO FARE,UPI,50,,141095.00
2026-10-06,UPI-METRO FARE,UPI,60,,141035.00
2026-10-06,UPI-Blinkit,UPI,40,,140995.00
2026-10-07,UPI-METRO FARE,UPI,60,,140935.00
2026-10-07,UPI-Zepto,UPI,190,,140745.00
2026-10-08,UPI-METRO FARE,UPI,80,,140665.00
2026-10-08,UPI-Nykaa,UPI,1160,,139505.00
