date,category,debit,credit
2026-08-01,Income,,50000
2026-08-01,Snacks & drinks,100,
2026-08-02,Snacks & drinks,50,
2026-08-02,Club,1480,
2026-08-02,Transport (cab),440,
2026-08-03,Subscriptions,119,
2026-08-03,Transport (metro),55,
2026-08-03,Snacks & drinks,100,
2026-08-04,Transport (metro),75,
2026-08-04,Sports (badminton),190,
2026-08-05,"Rent (PG, incl. food)",10000,
2026-08-05,Transport (metro),55,
2026-08-05,Snacks & drinks,170,
2026-08-06,Transport (metro),85,
2026-08-06,Snacks & drinks,60,
2026-08-06,Sports (badminton),260,
2026-08-07,Snacks & drinks,110,
2026-08-08,Dining with friends,1780,
2026-08-08,Games & entertainment,680,
2026-08-09,Club,2440,
2026-08-09,Transport (cab),460,
2026-08-09,Health,312,
2026-08-09,Friends (split-back),,660
2026-08-10,Investments (SIP),3000,
2026-08-10,Snacks & drinks,170,
2026-08-11,Transport (metro),55,
2026-08-11,Sports (badminton),140,
2026-08-12,Transport (metro),60,
2026-08-12,Snacks & drinks,150,
2026-08-13,Transport (metro),90,
2026-08-13,Snacks & drinks,130,
2026-08-13,Sports (badminton),190,
2026-08-13,Sports (badminton),540,
2026-08-14,Transport (metro),85,
2026-08-14,Snacks & drinks,70,
2026-08-14,Partying,2560,
2026-08-14,Transport (cab),360,
2026-08-15,Investments (SIP),2000,
2026-08-15,Phone,299,
2026-08-16,Club,1440,
2026-08-16,Transport (cab),450,
2026-08-16,Shopping,1899,
2026-08-17,Transport (metro),55,
2026-08-18,Transport (metro),50,
2026-08-18,Snacks & drinks,50,
2026-08-19,Transport (metro),55,
2026-08-19,Snacks & drinks,80,
2026-08-20,Subscriptions,199,
2026-08-20,Transport (metro),55,
2026-08-20,Food delivery,360,
2026-08-20,Sports (badminton),220,
2026-08-21,Transport (metro),60,
2026-08-21,Snacks & drinks,40,
2026-08-22,Snacks & drinks,120,
2026-08-22,Food delivery,410,
2026-08-22,Dining with friends,1370,
2026-08-22,Games & entertainment,690,
2026-08-23,Club,2100,
2026-08-23,Transport (cab),310,
2026-08-23,Friends (split-back),,490
2026-08-24,Transport (metro),80,
2026-08-24,Snacks & drinks,40,
2026-08-24,Personal care,750,
2026-08-25,Transport (metro),60,
2026-08-25,Snacks & drinks,50,
2026-08-25,Sports (badminton),250,
2026-08-26,Transport (metro),70,
2026-08-26,Snacks & drinks,80,
2026-08-27,Transport (metro),50,
2026-08-27,Snacks & drinks,160,
2026-08-27,Sports (badminton),260,
2026-08-28,Transport (metro),55,
2026-08-28,Snacks & drinks,140,
2026-08-28,Partying,1610,
2026-08-28,Transport (cab),280,
2026-08-30,Snacks & drinks,50,
2026-08-30,Food delivery,200,
2026-08-30,Club,1610,
2026-08-30,Transport (cab),280,
2026-08-31,Transport (metro),60,
2026-08-31,Income,,60
2026-09-01,Income,,50000
2026-09-01,Transport (metro),60,
2026-09-01,Snacks & drinks,70,
2026-09-01,Food delivery,280,
2026-09-01,Sports (badminton),200,
2026-09-02,Transport (metro),90,
2026-09-02,Snacks & drinks,160,
2026-09-02,Food delivery,210,
2026-09-03,Subscriptions,119,
2026-09-03,Transport (metro),65,
2026-09-03,Snacks & drinks,100,
2026-09-03,Sports (badminton),230,
2026-09-04,Snacks & drinks,160,
2026-09-04,Health,500,
2026-09-05,"Rent (PG, incl. food)",10000,
2026-09-05,Snacks & drinks,90,
2026-09-05,Dining with friends,1410,
2026-09-05,Games & entertainment,900,
2026-09-06,Snacks & drinks,170,
2026-09-06,Club,2320,
2026-09-06,Transport (cab),320,
2026-09-06,Friends (split-back),,630
2026-09-07,Transport (metro),85,
2026-09-08,Transport (metro),55,
2026-09-08,Snacks & drinks,80,
2026-09-08,Sports (badminton),170,
2026-09-09,Transport (metro),80,
2026-09-09,Snacks & drinks,50,
2026-09-09,Food delivery,340,
2026-09-10,Investments (SIP),3000,
2026-09-10,Transport (metro),50,
2026-09-10,Snacks & drinks,160,
2026-09-10,Sports (badminton),130,
2026-09-11,Transport (metro),55,
2026-09-11,Snacks & drinks,70,
2026-09-11,Food delivery,370,
2026-09-11,Partying,1740,
2026-09-11,Transport (cab),460,
2026-09-13,Club,2740,
2026-09-13,Transport (cab),410,
2026-09-14,Transport (metro),90,
2026-09-14,Snacks & drinks,90,
2026-09-14,Shopping,1499,
2026-09-15,Investments (SIP),2000,
2026-09-15,Phone,299,
2026-09-15,Transport (metro),70,
2026-09-15,Snacks & drinks,50,
2026-09-15,Sports (badminton),240,
2026-09-16,Transport (metro),55,
2026-09-16,Snacks & drinks,40,
2026-09-16,Food delivery,360,
2026-09-17,Transport (metro),80,
2026-09-17,Sports (badminton),200,
2026-09-17,Shopping,1240,
2026-09-18,Transport (metro),55,
2026-09-18,Snacks & drinks,140,
2026-09-19,Snacks & drinks,80,
2026-09-19,Dining with friends,1740,
2026-09-19,Games & entertainment,570,
2026-09-20,Subscriptions,199,
2026-09-20,Snacks & drinks,180,
2026-09-20,Club,2300,
2026-09-20,Transport (cab),300,
2026-09-20,Friends (split-back),,600
2026-09-21,Transport (metro),50,
2026-09-21,Snacks & drinks,70,
2026-09-22,Transport (metro),75,
2026-09-22,Sports (badminton),220,
2026-09-22,Personal care,900,
2026-09-23,Transport (metro),55,
2026-09-23,Snacks & drinks,190,
2026-09-23,Sports (badminton),420,
2026-09-24,Transport (metro),60,
2026-09-24,Sports (badminton),260,
2026-09-25,Transport (metro),50,
2026-09-25,Snacks & drinks,180,
2026-09-25,Partying,2080,
2026-09-25,Transport (cab),350,
2026-09-26,Snacks & drinks,180,
2026-09-27,Club,2270,
2026-09-27,Transport (cab),390,
2026-09-28,Transport (metro),85,
2026-09-28,Snacks & drinks,120,
2026-09-29,Transport (metro),75,
2026-09-29,Snacks & drinks,50,
2026-09-30,Transport (metro),65,
2026-09-30,Income,,41
